-- MySQL dump 10.13  Distrib 5.5.38-35.2, for Linux (x86_64)
--
-- Host: localhost    Database: mervy578_testes
-- ------------------------------------------------------
-- Server version	5.5.38-35.2

/*!40101 SET @OLD_CHARACTER_SET_CLIENT=@@CHARACTER_SET_CLIENT */;
/*!40101 SET @OLD_CHARACTER_SET_RESULTS=@@CHARACTER_SET_RESULTS */;
/*!40101 SET @OLD_COLLATION_CONNECTION=@@COLLATION_CONNECTION */;
/*!40101 SET NAMES utf8 */;
/*!40103 SET @OLD_TIME_ZONE=@@TIME_ZONE */;
/*!40103 SET TIME_ZONE='+00:00' */;
/*!40014 SET @OLD_UNIQUE_CHECKS=@@UNIQUE_CHECKS, UNIQUE_CHECKS=0 */;
/*!40014 SET @OLD_FOREIGN_KEY_CHECKS=@@FOREIGN_KEY_CHECKS, FOREIGN_KEY_CHECKS=0 */;
/*!40101 SET @OLD_SQL_MODE=@@SQL_MODE, SQL_MODE='NO_AUTO_VALUE_ON_ZERO' */;
/*!40111 SET @OLD_SQL_NOTES=@@SQL_NOTES, SQL_NOTES=0 */;

--
-- Table structure for table `albuns`
--

DROP TABLE IF EXISTS `albuns`;
/*!40101 SET @saved_cs_client     = @@character_set_client */;
/*!40101 SET character_set_client = utf8 */;
CREATE TABLE `albuns` (
  `id` int(11) NOT NULL AUTO_INCREMENT,
  `titulo` varchar(200) NOT NULL,
  `slug_titulo` varchar(200) NOT NULL,
  `descricao` text NOT NULL,
  `imagens` text NOT NULL,
  `data` date NOT NULL,
  `aprovar` char(4) NOT NULL DEFAULT 'Não',
  `autor` int(11) NOT NULL,
  PRIMARY KEY (`id`),
  KEY `fk_albuns_autores` (`autor`),
  CONSTRAINT `fk_albuns_autores` FOREIGN KEY (`autor`) REFERENCES `autores` (`id`) ON DELETE NO ACTION ON UPDATE NO ACTION
) ENGINE=InnoDB AUTO_INCREMENT=7 DEFAULT CHARSET=utf8;
/*!40101 SET character_set_client = @saved_cs_client */;

--
-- Dumping data for table `albuns`
--

LOCK TABLES `albuns` WRITE;
/*!40000 ALTER TABLE `albuns` DISABLE KEYS */;
INSERT INTO `albuns` (`id`, `titulo`, `slug_titulo`, `descricao`, `imagens`, `data`, `aprovar`, `autor`) VALUES (1,'Bonsai','bonsai','<p>Bonsai significa \"&aacute;rvore em bandeja\". Ele precisa ter outros atributos entretanto al&eacute;m de simplesmente estar num vaso raso (bandeja). A planta deve ser uma r&eacute;plica de uma &aacute;rvore da natureza em miniatura. Deve simular os padr&otilde;es de crescimento e os efeitos da gravidade sobre os galhos, al&eacute;m das marcas do tempo e estrutura geral dos galhos. Essencialmente &eacute; uma obra de arte produzida pelo homem atrav&eacute;s de cuidados especializados.</p>','bonsai_1.jpg, bonsai_10.jpg, bonsai_11.jpg, bonsai_12.jpg, bonsai_13.jpg, bonsai_14.jpg, bonsai_15.jpg, bonsai_16.jpg, bonsai_17.jpg, bonsai_18.jpg, bonsai_19.jpg, bonsai_2.jpg, bonsai_20.jpg, bonsai_21.jpg, bonsai_22.jpg, bonsai_23.jpg, bonsai_24.jpg, bonsai_25.jpg, bonsai_26.jpg, bonsai_27.jpg, bonsai_28.jpg, bonsai_29.jpg, bonsai_3.jpg, bonsai_30.jpg, bonsai_31.jpg, bonsai_32.jpg, bonsai_33.jpg, bonsai_34.jpg, bonsai_35.jpg, bonsai_36.jpg, bonsai_37.jpg, bonsai_38.jpg, bonsai_39.jpg, bonsai_4.jpg, bonsai_40.jpg, bonsai_41.jpg, bonsai_42.jpg, bonsai_43.jpg, bonsai_44.jpg, bonsai_45.jpg, bonsai_46.jpg, bonsai_47.jpg, bonsai_48.jpg, bonsai_49.jpg, bonsai_5.jpg, bonsai_50.jpg, bonsai_51.jpg, bonsai_6.jpg, bonsai_7.jpg, bonsai_8.jpg, bonsai_9.jpg','2015-02-24','Sim',1),(2,'Animes Sexys','animes-sexys','<p>Mang&aacute; se refere aos quadrinhos estilo Japon&ecirc;s e o Anime &eacute; o desenho animado feito com esses quadrinhos. Sele&ccedil;&atilde;o com v&aacute;rios desenhos nestes estilos mostrando muita sensualidade.</p>','animes-sexys_1.jpg, animes-sexys_10.jpg, animes-sexys_11.jpg, animes-sexys_12.jpg, animes-sexys_13.jpg, animes-sexys_14.jpg, animes-sexys_15.jpg, animes-sexys_16.jpg, animes-sexys_17.jpg, animes-sexys_18.jpg, animes-sexys_19.jpg, animes-sexys_2.jpg, animes-sexys_20.jpg, animes-sexys_21.jpg, animes-sexys_22.jpg, animes-sexys_23.jpg, animes-sexys_24.jpg, animes-sexys_25.jpg, animes-sexys_26.jpg, animes-sexys_27.jpg, animes-sexys_28.jpg, animes-sexys_29.jpg, animes-sexys_3.jpg, animes-sexys_30.jpg, animes-sexys_31.jpg, animes-sexys_32.jpg, animes-sexys_33.jpg, animes-sexys_34.jpg, animes-sexys_35.jpg, animes-sexys_36.jpg, animes-sexys_37.jpg, animes-sexys_38.jpg, animes-sexys_39.jpg, animes-sexys_4.jpg, animes-sexys_40.jpg, animes-sexys_41.jpg, animes-sexys_42.jpg, animes-sexys_43.jpg, animes-sexys_44.jpg, animes-sexys_45.jpg, animes-sexys_46.jpg, animes-sexys_47.jpg, animes-sexys_48.jpg, animes-sexys_49.jpg, animes-sexys_5.jpg, animes-sexys_50.jpg, animes-sexys_51.jpg, animes-sexys_52.jpg, animes-sexys_53.jpg, animes-sexys_54.jpg, animes-sexys_55.jpg, animes-sexys_56.jpg, animes-sexys_57.jpg, animes-sexys_58.jpg, animes-sexys_59.jpg, animes-sexys_6.jpg, animes-sexys_60.jpg, animes-sexys_61.jpg, animes-sexys_62.jpg, animes-sexys_63.jpg, animes-sexys_64.jpg, animes-sexys_65.jpg, animes-sexys_66.jpg, animes-sexys_67.jpg, animes-sexys_68.jpg, animes-sexys_69.jpg, animes-sexys_7.jpg, animes-sexys_70.jpg, animes-sexys_71.jpg, animes-sexys_72.jpg, animes-sexys_73.jpg, animes-sexys_74.jpg, animes-sexys_75.jpg, animes-sexys_76.jpg, animes-sexys_77.jpg, animes-sexys_78.jpg, animes-sexys_79.jpg, animes-sexys_8.jpg, animes-sexys_80.jpg, animes-sexys_81.jpg, animes-sexys_82.jpg, animes-sexys_83.jpg, animes-sexys_84.jpg, animes-sexys_85.jpg, animes-sexys_9.jpg','2015-02-24','Sim',1),(3,'Cameltoe','cameltoe','<p>Cameltoe, \"pata de camelo\" ou ainda \"cap&ocirc; de fusca\" em portugu&ecirc;s, &eacute; o termo da g&iacute;ria que serve para definir a forma em W ou em V (tamb&eacute;m conhecido como cap&ocirc; de fusca ou capoz&atilde;o) da vulva feminina, quando est&aacute; sob roupa fina e muito justa.</p>','cameltoe_1.jpg, cameltoe_10.jpg, cameltoe_100.jpg, cameltoe_101.jpg, cameltoe_102.jpg, cameltoe_103.jpg, cameltoe_104.jpg, cameltoe_11.jpg, cameltoe_12.jpg, cameltoe_13.jpg, cameltoe_14.jpg, cameltoe_15.jpeg, cameltoe_16.jpg, cameltoe_17.jpg, cameltoe_18.jpg, cameltoe_19.jpg, cameltoe_2.jpg, cameltoe_20.jpg, cameltoe_21.jpg, cameltoe_22.jpg, cameltoe_23.jpg, cameltoe_24.jpg, cameltoe_25.jpg, cameltoe_26.jpg, cameltoe_27.jpg, cameltoe_28.jpg, cameltoe_29.jpg, cameltoe_3.jpg, cameltoe_30.jpg, cameltoe_31.jpg, cameltoe_32.jpg, cameltoe_33.jpg, cameltoe_34.jpg, cameltoe_35.jpg, cameltoe_36.jpg, cameltoe_37.jpg, cameltoe_38.jpg, cameltoe_39.jpg, cameltoe_4.jpg, cameltoe_40.jpg, cameltoe_41.jpg, cameltoe_42.jpg, cameltoe_43.jpg, cameltoe_44.jpg, cameltoe_45.jpg, cameltoe_46.jpg, cameltoe_47.jpg, cameltoe_48.jpg, cameltoe_49.jpg, cameltoe_5.jpg, cameltoe_50.jpg, cameltoe_51.jpg, cameltoe_52.jpg, cameltoe_53.jpg, cameltoe_54.jpg, cameltoe_55.jpg, cameltoe_56.jpg, cameltoe_57.jpg, cameltoe_58.jpg, cameltoe_59.jpg, cameltoe_6.jpg, cameltoe_60.jpg, cameltoe_61.jpg, cameltoe_62.jpg, cameltoe_63.jpg, cameltoe_64.jpg, cameltoe_65.jpg, cameltoe_66.jpg, cameltoe_67.jpg, cameltoe_68.jpg, cameltoe_69.jpg, cameltoe_7.jpg, cameltoe_70.jpg, cameltoe_71.jpg, cameltoe_72.jpg, cameltoe_73.jpg, cameltoe_74.jpg, cameltoe_75.jpg, cameltoe_76.jpg, cameltoe_77.jpg, cameltoe_78.jpg, cameltoe_79.jpg, cameltoe_8.jpg, cameltoe_80.jpg, cameltoe_81.jpg, cameltoe_82.jpg, cameltoe_83.jpg, cameltoe_84.jpg, cameltoe_85.jpg, cameltoe_86.jpg, cameltoe_87.jpg, cameltoe_88.jpg, cameltoe_89.jpg, cameltoe_9.jpg, cameltoe_90.jpg, cameltoe_91.jpg, cameltoe_92.jpg, cameltoe_93.jpg, cameltoe_94.jpg, cameltoe_95.jpg, cameltoe_96.jpg, cameltoe_97.jpg, cameltoe_98.jpg, cameltoe_99.jpg','2015-02-24','Sim',1),(4,'Carros antigos','carros-antigos','<p>Reviva algumas d&eacute;cadas! Essas imagens retratam um pouco das mudan&ccedil;as de comportamento e de estilos dessa maravilhosa m&aacute;quina construida pelo homem: o carro.</p>','carros-antigos_1.jpg, carros-antigos_10.jpg, carros-antigos_11.jpg, carros-antigos_12.jpg, carros-antigos_13.jpg, carros-antigos_14.jpg, carros-antigos_15.jpg, carros-antigos_16.jpg, carros-antigos_17.jpg, carros-antigos_18.jpg, carros-antigos_19.jpg, carros-antigos_2.jpg, carros-antigos_20.jpg, carros-antigos_21.jpg, carros-antigos_22.jpg, carros-antigos_23.jpg, carros-antigos_24.jpg, carros-antigos_25.jpg, carros-antigos_26.jpg, carros-antigos_27.jpg, carros-antigos_28.jpg, carros-antigos_29.jpg, carros-antigos_3.jpg, carros-antigos_30.jpg, carros-antigos_31.jpg, carros-antigos_32.jpg, carros-antigos_33.jpg, carros-antigos_34.jpg, carros-antigos_35.jpg, carros-antigos_36.jpg, carros-antigos_37.jpg, carros-antigos_38.jpg, carros-antigos_39.jpg, carros-antigos_4.jpg, carros-antigos_40.jpg, carros-antigos_41.jpg, carros-antigos_42.jpg, carros-antigos_43.jpg, carros-antigos_44.jpg, carros-antigos_45.jpg, carros-antigos_46.jpg, carros-antigos_47.jpg, carros-antigos_48.jpg, carros-antigos_49.jpg, carros-antigos_5.jpg, carros-antigos_50.jpg, carros-antigos_51.jpg, carros-antigos_52.jpg, carros-antigos_53.jpg, carros-antigos_54.jpg, carros-antigos_55.jpg, carros-antigos_56.jpg, carros-antigos_57.jpg, carros-antigos_58.jpg, carros-antigos_59.jpg, carros-antigos_6.jpg, carros-antigos_60.jpg, carros-antigos_61.jpg, carros-antigos_62.jpg, carros-antigos_63.jpg, carros-antigos_64.jpg, carros-antigos_65.jpg, carros-antigos_66.jpg, carros-antigos_67.jpg, carros-antigos_68.jpg, carros-antigos_69.jpg, carros-antigos_7.jpg, carros-antigos_70.jpg, carros-antigos_8.jpg, carros-antigos_9.jpg','2015-02-24','Sim',1),(5,'Carros tunados','carros-tunados','<p>Tunning &eacute; uma arte de modificar e equipar o carro para que fiquem mais vistosos, &uacute;nicos, com maior desempenho e arrojo. Isso pode ser feito rebaixando-se o carro, pinturas ex&oacute;ticas, um som que ocupe um volume muito grande do carro, etc. Veja voc&ecirc; mesmo(a) uma sele&ccedil;&atilde;o de carros modificados.</p>','carros_tunados-1.jpg, carros_tunados-10.jpg, carros_tunados-11.jpg, carros_tunados-12.jpg, carros_tunados-13.jpg, carros_tunados-14.jpg, carros_tunados-15.jpg, carros_tunados-16.jpg, carros_tunados-17.jpg, carros_tunados-18.jpg, carros_tunados-19.jpg, carros_tunados-2.jpg, carros_tunados-20.jpg, carros_tunados-21.jpg, carros_tunados-22.jpg, carros_tunados-23.jpg, carros_tunados-24.jpg, carros_tunados-25.jpg, carros_tunados-26.jpg, carros_tunados-27.jpg, carros_tunados-28.jpg, carros_tunados-29.jpg, carros_tunados-3.jpg, carros_tunados-30.jpg, carros_tunados-31.jpg, carros_tunados-32.jpg, carros_tunados-33.jpg, carros_tunados-34.jpg, carros_tunados-35.jpg, carros_tunados-36.jpg, carros_tunados-37.jpg, carros_tunados-38.jpg, carros_tunados-39.jpg, carros_tunados-4.jpg, carros_tunados-40.jpg, carros_tunados-41.jpg, carros_tunados-42.jpg, carros_tunados-43.jpg, carros_tunados-44.jpg, carros_tunados-45.jpg, carros_tunados-46.jpg, carros_tunados-47.jpg, carros_tunados-48.jpg, carros_tunados-49.jpg, carros_tunados-5.jpg, carros_tunados-50.jpg, carros_tunados-51.jpg, carros_tunados-52.jpg, carros_tunados-6.jpg, carros_tunados-7.jpg, carros_tunados-8.jpg, carros_tunados-9.jpg','2015-02-24','Sim',1),(6,'Cosplayers girls','cosplayers-girls','<p>Cosplay &eacute; abrevia&ccedil;&atilde;o de costume play sendo um termo utilizado para referir-se a atividade l&uacute;dica praticada principalmente por jovens e que consiste em disfar&ccedil;ar-se ou fantasiar-se de algum personagem real ou ficcional, concreto ou abstrato, como, por exemplo, animes, mang&aacute;s, comics, jogos ou ainda de grupos musicais acompanhado da tentativa de interpret&aacute;-los na medida do poss&iacute;vel. Os participantes dessa atividade chamam-se cosplayers. Confira v&aacute;rias garotas cosplayers.</p>','cosplay_girls_1.jpg, cosplay_girls_10.jpg, cosplay_girls_100.jpg, cosplay_girls_101.jpg, cosplay_girls_102.jpg, cosplay_girls_103.jpg, cosplay_girls_104.jpg, cosplay_girls_105.jpg, cosplay_girls_11.jpg, cosplay_girls_12.jpg, cosplay_girls_13.jpg, cosplay_girls_14.jpg, cosplay_girls_15.jpg, cosplay_girls_16.jpg, cosplay_girls_17.jpg, cosplay_girls_18.jpg, cosplay_girls_19.jpg, cosplay_girls_2.jpg, cosplay_girls_20.jpg, cosplay_girls_21.jpg, cosplay_girls_22.jpg, cosplay_girls_23.jpg, cosplay_girls_24.jpg, cosplay_girls_25.jpg, cosplay_girls_26.jpg, cosplay_girls_27.jpg, cosplay_girls_28.jpg, cosplay_girls_29.jpg, cosplay_girls_3.jpg, cosplay_girls_30.jpg, cosplay_girls_31.jpg, cosplay_girls_32.jpg, cosplay_girls_33.jpg, cosplay_girls_34.jpg, cosplay_girls_35.jpg, cosplay_girls_36.jpg, cosplay_girls_37.jpg, cosplay_girls_38.jpg, cosplay_girls_39.jpg, cosplay_girls_4.jpg, cosplay_girls_40.jpg, cosplay_girls_41.jpg, cosplay_girls_42.jpg, cosplay_girls_43.jpg, cosplay_girls_44.jpg, cosplay_girls_45.jpg, cosplay_girls_46.jpg, cosplay_girls_47.jpg, cosplay_girls_48.jpg, cosplay_girls_49.jpg, cosplay_girls_5.jpg, cosplay_girls_50.jpg, cosplay_girls_51.jpg, cosplay_girls_52.jpg, cosplay_girls_53.jpg, cosplay_girls_54.jpg, cosplay_girls_55.jpg, cosplay_girls_56.jpg, cosplay_girls_57.jpg, cosplay_girls_58.jpg, cosplay_girls_59.jpg, cosplay_girls_6.jpg, cosplay_girls_60.jpg, cosplay_girls_61.jpg, cosplay_girls_62.jpg, cosplay_girls_63.jpg, cosplay_girls_64.jpg, cosplay_girls_65.jpg, cosplay_girls_66.jpg, cosplay_girls_67.jpg, cosplay_girls_68.jpg, cosplay_girls_69.jpg, cosplay_girls_7.jpg, cosplay_girls_70.jpg, cosplay_girls_71.jpg, cosplay_girls_72.jpg, cosplay_girls_73.jpg, cosplay_girls_74.jpg, cosplay_girls_75.jpg, cosplay_girls_76.jpg, cosplay_girls_77.jpg, cosplay_girls_78.jpg, cosplay_girls_79.jpg, cosplay_girls_8.jpg, cosplay_girls_80.jpg, cosplay_girls_81.jpg, cosplay_girls_82.jpg, cosplay_girls_83.jpg, cosplay_girls_84.jpg, cosplay_girls_85.jpg, cosplay_girls_86.jpg, cosplay_girls_87.jpg, cosplay_girls_88.jpg, cosplay_girls_89.jpg, cosplay_girls_9.jpg, cosplay_girls_90.jpg, cosplay_girls_91.jpg, cosplay_girls_92.jpg, cosplay_girls_93.jpg, cosplay_girls_94.jpg, cosplay_girls_95.jpg, cosplay_girls_96.jpg, cosplay_girls_97.jpg, cosplay_girls_98.jpg, cosplay_girls_99.jpg','2015-02-24','Sim',1);
/*!40000 ALTER TABLE `albuns` ENABLE KEYS */;
UNLOCK TABLES;

--
-- Table structure for table `artigos`
--

DROP TABLE IF EXISTS `artigos`;
/*!40101 SET @saved_cs_client     = @@character_set_client */;
/*!40101 SET character_set_client = utf8 */;
CREATE TABLE `artigos` (
  `id` int(11) NOT NULL AUTO_INCREMENT,
  `titulo` varchar(200) NOT NULL,
  `artigo` text NOT NULL,
  `imagem` varchar(200) NOT NULL,
  `data` date NOT NULL,
  `aprovar` char(4) NOT NULL DEFAULT 'Não',
  `categorias_id` int(11) NOT NULL,
  `autor` int(11) NOT NULL,
  PRIMARY KEY (`id`),
  KEY `fk_artigos_categorias_artigos` (`categorias_id`),
  KEY `fk_artigos_autores` (`autor`),
  CONSTRAINT `fk_artigos_autores` FOREIGN KEY (`autor`) REFERENCES `autores` (`id`) ON DELETE NO ACTION ON UPDATE NO ACTION,
  CONSTRAINT `fk_categorias_artigos` FOREIGN KEY (`categorias_id`) REFERENCES `categorias_artigos` (`id`) ON DELETE NO ACTION ON UPDATE NO ACTION
) ENGINE=InnoDB AUTO_INCREMENT=8 DEFAULT CHARSET=utf8;
/*!40101 SET character_set_client = @saved_cs_client */;

--
-- Dumping data for table `artigos`
--

LOCK TABLES `artigos` WRITE;
/*!40000 ALTER TABLE `artigos` DISABLE KEYS */;
INSERT INTO `artigos` (`id`, `titulo`, `artigo`, `imagem`, `data`, `aprovar`, `categorias_id`, `autor`) VALUES (1,'Dicotiledónea','<p>As&nbsp;<strong>Magnoliopsidas</strong>&nbsp;ou&nbsp;<strong>dicotiled&ocirc;neas</strong>&nbsp;formam uma&nbsp;<a title=\"Classe (biologia)\" href=\"http://pt.wikipedia.org/wiki/Classe_(biologia)\">classe</a>&nbsp;pertencente &agrave; divis&atilde;o&nbsp;<a class=\"mw-redirect\" title=\"Magnoliophyta\" href=\"http://pt.wikipedia.org/wiki/Magnoliophyta\">Magnoliophyta</a>, ou plantas com flor, cujo embri&atilde;o (semente) cont&eacute;m dois ou mais&nbsp;<a class=\"mw-redirect\" title=\"Cotil&eacute;dones\" href=\"http://pt.wikipedia.org/wiki/Cotil%C3%A9dones\">cotil&eacute;dones</a>. Outras caracter&iacute;sticas incluem&nbsp;<a title=\"Raiz\" href=\"http://pt.wikipedia.org/wiki/Raiz\">raiz</a>&nbsp;axial e folhas com nerva&ccedil;&atilde;o reticulada. As partes florais podem ser&nbsp;<a class=\"new\" title=\"Pent&acirc;meras (p&aacute;gina n&atilde;o existe)\" href=\"http://pt.wikipedia.org/w/index.php?title=Pent%C3%A2meras&amp;action=edit&amp;redlink=1\">pent&acirc;meras</a>&nbsp;(mais frequentemente), &agrave;s vezes&nbsp;<a class=\"new\" title=\"Tetr&acirc;meras (p&aacute;gina n&atilde;o existe)\" href=\"http://pt.wikipedia.org/w/index.php?title=Tetr%C3%A2meras&amp;action=edit&amp;redlink=1\">tetr&acirc;meras</a>&nbsp;e, raramente,&nbsp;<a class=\"new\" title=\"Tr&iacute;meras (p&aacute;gina n&atilde;o existe)\" href=\"http://pt.wikipedia.org/w/index.php?title=Tr%C3%ADmeras&amp;action=edit&amp;redlink=1\">tr&iacute;meras</a>&nbsp;ou&nbsp;<a class=\"new\" title=\"Mon&ocirc;meras (p&aacute;gina n&atilde;o existe)\" href=\"http://pt.wikipedia.org/w/index.php?title=Mon%C3%B4meras&amp;action=edit&amp;redlink=1\">mon&ocirc;meras</a>.</p>\r\n<p>As plantas com flor que n&atilde;o s&atilde;o dicotiled&oacute;neas s&atilde;o&nbsp;<a title=\"Monocotiled&oacute;nea\" href=\"http://pt.wikipedia.org/wiki/Monocotiled%C3%B3nea\">monocotiled&oacute;neas</a>.</p>\r\n<p>Acreditava-se que as monocotiled&ocirc;neas teriam se desenvolvido (evolu&iacute;do) a partir das dicotiled&ocirc;neas, entretanto estas formam um grupo&nbsp;<a title=\"Parafil&eacute;tico\" href=\"http://pt.wikipedia.org/wiki/Parafil%C3%A9tico\">parafil&eacute;tico</a>, ou seja, incluem algumas formas que s&atilde;o mais relacionadas&nbsp;<a title=\"Gen&eacute;tica\" href=\"http://pt.wikipedia.org/wiki/Gen%C3%A9tica\">geneticamente</a>com as monocotiled&oacute;neas do que com alguns grupos das pr&oacute;prias dicotiled&ocirc;neas. A maior parte, contudo, forma um grupo&nbsp;<a title=\"Monofil&eacute;tico\" href=\"http://pt.wikipedia.org/wiki/Monofil%C3%A9tico\">monofil&eacute;tico</a>, chamado de&nbsp;<a class=\"mw-redirect\" title=\"Eudicotiled&oacute;nea\" href=\"http://pt.wikipedia.org/wiki/Eudicotiled%C3%B3nea\">eudicotiled&oacute;neas</a>&nbsp;ou tricolpados. Essas podem ser distinguidas de todas as outras plantas com flor pela estrutura do seu&nbsp;<a title=\"P&oacute;len\" href=\"http://pt.wikipedia.org/wiki/P%C3%B3len\">p&oacute;len</a>. Os grupos basais das angiospermas e as monocotiled&oacute;neas t&ecirc;m p&oacute;len&nbsp;<em><strong>monosulcado</strong></em>&nbsp;ou formas derivadas destas, enquanto que as eudicotiled&oacute;neas t&ecirc;m p&oacute;len&nbsp;<em><strong>tricolpado</strong></em>&nbsp;e formas derivadas.</p>\r\n<p>Tradicionalmente, as dicotiled&oacute;neas foram consideradas como uma classe, designada originalmente de&nbsp;<em>Dicotyledoneae</em>, mas foram posteriormente renomeadas para&nbsp;<strong>Magnoliopsida</strong>, usando como tipo o g&ecirc;nero&nbsp;<em><a class=\"mw-redirect\" title=\"Magnolia\" href=\"http://pt.wikipedia.org/wiki/Magnolia\">Magnolia</a></em>. A classifica&ccedil;&atilde;o das dicotiled&oacute;neas tem sofrido uma revis&atilde;o profunda &agrave; medida que se v&atilde;o conhecendo as rela&ccedil;&otilde;es filogen&eacute;ticas entre elas.</p>\r\n<p>Atualmente, n&atilde;o se aceita o nome \"Dicotiled&ocirc;neas\", pois, como j&aacute; dito anteriormente, as plantas a&iacute; anteriormente colocadas formam um grupo parafil&eacute;tico e a tend&ecirc;ncia atual &eacute; se aceitar apenas&nbsp;<a class=\"mw-redirect\" title=\"T&aacute;xons\" href=\"http://pt.wikipedia.org/wiki/T%C3%A1xons\">t&aacute;xons</a>&nbsp;que representem grupos monofil&eacute;ticos (veja por exemplo, Dias&nbsp;<em>et al</em>. 2005, Taxon 54: 1039-1040).</p>\r\n<p>Segue-se a lista das ordens de que &eacute; composta, segundo os novos sistemas de classifica&ccedil;&atilde;o e segundo o antigo&nbsp;<a title=\"Sistema de Cronquist\" href=\"http://pt.wikipedia.org/wiki/Sistema_de_Cronquist\">sistema de Cronquist</a>.</p>','Dicotiledónea.jpg','2015-02-24','Sim',1,1),(2,'Liliales','<p><strong>Liliales</strong>&nbsp;&eacute; uma ordem de plantas&nbsp;<a class=\"mw-redirect\" title=\"Monocotiled&ocirc;neas\" href=\"http://pt.wikipedia.org/wiki/Monocotiled%C3%B4neas\">monocotiled&ocirc;neas</a>&nbsp;que inclui como exemplo cl&aacute;ssico os&nbsp;<strong><a class=\"mw-redirect\" title=\"L&iacute;rios\" href=\"http://pt.wikipedia.org/wiki/L%C3%ADrios\">l&iacute;rios</a></strong>. A ordem tem 11 fam&iacute;lias segundo o sistema APG, mas o sistema cl&aacute;ssico inclui muitas outras, entretanto, removidas para outras ordens. As&nbsp;<strong>Liliales</strong>&nbsp;(<a class=\"new\" title=\"Smilaceae (p&aacute;gina n&atilde;o existe)\" href=\"http://pt.wikipedia.org/w/index.php?title=Smilaceae&amp;action=edit&amp;redlink=1\">Smilaceae</a>,&nbsp;<a title=\"Liliaceae\" href=\"http://pt.wikipedia.org/wiki/Liliaceae\">Liliaceae</a>,&nbsp;<a title=\"Melanthiaceae\" href=\"http://pt.wikipedia.org/wiki/Melanthiaceae\">Melanthiaceae</a>&nbsp;e outras) s&atilde;o filogeneticamente muito pr&oacute;ximas das&nbsp;<strong><a title=\"Asparagales\" href=\"http://pt.wikipedia.org/wiki/Asparagales\">Asparagales</a></strong>&nbsp;(<a class=\"mw-redirect\" title=\"Orchidaceae\" href=\"http://pt.wikipedia.org/wiki/Orchidaceae\">Orchidaceae</a>,&nbsp;<a title=\"Iridaceae\" href=\"http://pt.wikipedia.org/wiki/Iridaceae\">Iridaceae</a>,&nbsp;<a class=\"new\" title=\"Amarylidaceae (p&aacute;gina n&atilde;o existe)\" href=\"http://pt.wikipedia.org/w/index.php?title=Amarylidaceae&amp;action=edit&amp;redlink=1\">Amarylidaceae</a>,&nbsp;<a title=\"Agavaceae\" href=\"http://pt.wikipedia.org/wiki/Agavaceae\">Agavaceae</a>,&nbsp;<a class=\"mw-redirect\" title=\"Alliaceae\" href=\"http://pt.wikipedia.org/wiki/Alliaceae\">Alliaceae</a>&nbsp;e outras). Por este motivo, a coloca&ccedil;&atilde;o das esp&eacute;cies nestas fam&iacute;lias tem sido alvo de muita discuss&atilde;o entre os taxonomistas.</p>\r\n<p>Como qualquer grupo herb&aacute;ceo, o registro f&oacute;ssil das Liliales est&aacute; bastante escasso e, devido a taxonomia deste grupo ser tumultuada, os dados encontrados s&atilde;o dif&iacute;ceis de interpretar. H&aacute; muito p&oacute;len f&oacute;ssil que foi nomeado ao Liliales (sobre o nome Liliacidites), mas isto pode ter que ser reinterpretado levando em conta recentes mudan&ccedil;as na taxonomia. Em todo caso, &eacute; bastante prov&aacute;vel que o grupo surgiu no per&iacute;odo Cret&aacute;ceo, sendo conhecido como um dos grupos mais \"primitivos\" de&nbsp;<a class=\"mw-redirect\" title=\"Monocotiled&ocirc;neas\" href=\"http://pt.wikipedia.org/wiki/Monocotiled%C3%B4neas\">monocotiled&ocirc;neas</a>.</p>\r\n<p>Esta ordem consiste principalmente em plantas herb&aacute;ceas, mas tamb&eacute;m se encontram cip&oacute;s e arbustos. S&atilde;o plantas principalmente perenes, com &oacute;rg&atilde;os de armazenamento tipicamente rizomas e bulbos. A ordem tem distribui&ccedil;&atilde;o mundial. As fam&iacute;lias maiores (com mais de 100 esp&eacute;cies) s&atilde;o limitadas ao Hemisf&eacute;rio Norte. Por outro lado, as fam&iacute;lias menores (com at&eacute; 10 esp&eacute;cies) s&atilde;o limitadas ao Hemisf&eacute;rio Sul, ou &agrave;s vezes s&oacute; encontradas na&nbsp;<a title=\"Austr&aacute;lia\" href=\"http://pt.wikipedia.org/wiki/Austr%C3%A1lia\">Austr&aacute;lia</a>&nbsp;ou&nbsp;<a title=\"Am&eacute;rica do Sul\" href=\"http://pt.wikipedia.org/wiki/Am%C3%A9rica_do_Sul\">Am&eacute;rica do Sul</a>.</p>\r\n<p>Liliales &eacute; um grupo pouco representado no Brasil. Das 10 fam&iacute;lias que t&ecirc;m sido consideradas nesta ordem, apenas duas possuem esp&eacute;cies nativas no Brasil. Al&eacute;m disso,&nbsp;<strong><a title=\"Liliaceae\" href=\"http://pt.wikipedia.org/wiki/Liliaceae\">Liliaceae</a></strong>&nbsp;&eacute; encontrada em cultivo, incluindo plantas como o l&iacute;rio-branco (<em>Lilium longiflorum</em>), o l&iacute;rio-asi&aacute;tico (<em>Lilium pumilum</em>), o l&iacute;rio-regalo (<em>Lilium regale</em>), o l&iacute;rio-oriental (<em>Lilium speciosum</em>) e a tulipa (<em>Tulipa hybrida</em>).&nbsp;<strong><a title=\"Colchicaceae\" href=\"http://pt.wikipedia.org/wiki/Colchicaceae\">Colchicaceae</a></strong>&nbsp;al&eacute;m de incluir a esp&eacute;cie&nbsp;<em>Colchicum autumnale</em>, que produz a colchicina, um alcal&oacute;ide de aplica&ccedil;&atilde;o medicinal de largo uso em pesquisas na &aacute;rea de Gen&eacute;tica, possui representantes ornamentais, como a gloriosa (<em>Gloriosa superba</em>), com suas curiosas folhas com gavinhas no &aacute;pice e flores \"invertidas\", isto &eacute;, com pedicelo voltado para baixo e estames e estiletes encurvados para cima.</p>','Liliales.jpg','2015-02-24','Sim',1,1),(3,'Allioideae','<h2><span id=\"Descri.C3.A7.C3.A3o\" class=\"mw-headline\">Descri&ccedil;&atilde;o</span><span class=\"mw-editsection\"><span class=\"mw-editsection-bracket\">[</span><a class=\"mw-editsection-visualeditor\" title=\"Editar sec&ccedil;&atilde;o: Descri&ccedil;&atilde;o\" href=\"http://pt.wikipedia.org/w/index.php?title=Allioideae&amp;veaction=edit&amp;vesection=1\">editar</a><span class=\"mw-editsection-divider\">&nbsp;|&nbsp;</span><a title=\"Editar sec&ccedil;&atilde;o: Descri&ccedil;&atilde;o\" href=\"http://pt.wikipedia.org/w/index.php?title=Allioideae&amp;action=edit&amp;section=1\">editar c&oacute;digo-fonte</a><span class=\"mw-editsection-bracket\">]</span></span></h2>\r\n<p>As esp&eacute;cies inclu&iacute;das nesta subfam&iacute;lia s&atilde;o plantas&nbsp;<a title=\"Planta perene\" href=\"http://pt.wikipedia.org/wiki/Planta_perene\">perenes</a>&nbsp;ou&nbsp;<a class=\"mw-redirect\" title=\"Planta bianual\" href=\"http://pt.wikipedia.org/wiki/Planta_bianual\">bianuais</a>, maioritariamente acaulescentes, nas quais o&nbsp;<a title=\"Caule\" href=\"http://pt.wikipedia.org/wiki/Caule\">caule</a>&nbsp;a&eacute;reo est&aacute; reduzido ao&nbsp;<a title=\"Escapo\" href=\"http://pt.wikipedia.org/wiki/Escapo\">escapo floral</a>&nbsp;onde se formam as&nbsp;<a title=\"Flor\" href=\"http://pt.wikipedia.org/wiki/Flor\">flores</a>&nbsp;e&nbsp;<a title=\"Fruto\" href=\"http://pt.wikipedia.org/wiki/Fruto\">frutos</a>.</p>\r\n<p>Na maior parte das esp&eacute;cies a parte subterr&acirc;nea dos caules s&atilde;o&nbsp;<a title=\"Bolbo (bot&acirc;nica)\" href=\"http://pt.wikipedia.org/wiki/Bolbo_(bot%C3%A2nica)\">bolbos</a>&nbsp;verdadeiros (talos subterr&acirc;neos de acumula&ccedil;&atilde;o de reservas, como, por exemplo, em&nbsp;<em><a title=\"Allium\" href=\"http://pt.wikipedia.org/wiki/Allium\">Allium</a></em>), mas raramente podem ser curtos&nbsp;<a title=\"Rizoma\" href=\"http://pt.wikipedia.org/wiki/Rizoma\">rizomas</a>&nbsp;(como no caso de<em><a title=\"Tulbaghia\" href=\"http://pt.wikipedia.org/wiki/Tulbaghia\">Tulbaghia</a></em>) ou&nbsp;<a title=\"Cormo\" href=\"http://pt.wikipedia.org/wiki/Cormo\">cormos</a>. Em todos os casos, s&atilde;o tipicamente rodeados de escamas foliosas de consist&ecirc;ncia membranosa ou pela base das folhas.</p>\r\n<p>Quando apresentam bolbo, este &eacute; tunicado e com ra&iacute;zes contr&aacute;cteis, podendo ou n&atilde;o, de acordo com a esp&eacute;cie considerada, conter&nbsp;<a title=\"Amido\" href=\"http://pt.wikipedia.org/wiki/Amido\">amido</a>. Os elementos de vaso apresentam perfura&ccedil;&otilde;es simples. Podem apresentar<a title=\"Latic&iacute;fero\" href=\"http://pt.wikipedia.org/wiki/Latic%C3%ADfero\">latic&iacute;feros</a>&nbsp;(e quando os apresentam, o&nbsp;<a title=\"L&aacute;tex\" href=\"http://pt.wikipedia.org/wiki/L%C3%A1tex\">l&aacute;tex</a>&nbsp;&eacute; mais ou menos claro).&nbsp;<em><a title=\"Allium\" href=\"http://pt.wikipedia.org/wiki/Allium\">Allium</a></em>, por exemplo, apresenta latic&iacute;feros nas folhas. Os tecidos destas esp&eacute;cies s&atilde;o ricos em&nbsp;<a class=\"mw-redirect\" title=\"Saponina\" href=\"http://pt.wikipedia.org/wiki/Saponina\">saponinas</a>&nbsp;ester&oacute;ides, com compostos com odor a cebola ou alho (<a title=\"Odor ali&aacute;ceo\" href=\"http://pt.wikipedia.org/wiki/Odor_ali%C3%A1ceo\">odor ali&aacute;ceo</a>) como os&nbsp;<a title=\"Sulfeto de alilo\" href=\"http://pt.wikipedia.org/wiki/Sulfeto_de_alilo\">sulfetos de alilo</a>&nbsp;(tio&eacute;teres de alilo),&nbsp;<a class=\"mw-redirect\" title=\"Propionalde&iacute;do\" href=\"http://pt.wikipedia.org/wiki/Propionalde%C3%ADdo\">propionalde&iacute;do</a>,&nbsp;<a class=\"new\" title=\"Propiontiol (p&aacute;gina n&atilde;o existe)\" href=\"http://pt.wikipedia.org/w/index.php?title=Propiontiol&amp;action=edit&amp;redlink=1\">propiontiol</a>&nbsp;e&nbsp;<a class=\"new\" title=\"Dissulfeto de vinilo (p&aacute;gina n&atilde;o existe)\" href=\"http://pt.wikipedia.org/w/index.php?title=Dissulfeto_de_vinilo&amp;action=edit&amp;redlink=1\">dissulfeto de vinilo</a>. A&nbsp;<a title=\"Aliina\" href=\"http://pt.wikipedia.org/wiki/Aliina\">aliina</a>&nbsp;&eacute; convertida enzimaticamente em compostos derivados dos&nbsp;<a title=\"Sulfeto\" href=\"http://pt.wikipedia.org/wiki/Sulfeto\">sulfetos</a>&nbsp;(<a title=\"Tio&eacute;ter\" href=\"http://pt.wikipedia.org/wiki/Tio%C3%A9ter\">tio&eacute;teres</a>) de&nbsp;<a class=\"new\" title=\"Alilo (p&aacute;gina n&atilde;o existe)\" href=\"http://pt.wikipedia.org/w/index.php?title=Alilo&amp;action=edit&amp;redlink=1\">alilo</a>. Do ponto de vista fitoqu&iacute;mico, os membros da fam&iacute;lia apresentam&nbsp;<a class=\"mw-redirect\" title=\"Flavon&oacute;ide\" href=\"http://pt.wikipedia.org/wiki/Flavon%C3%B3ide\">flavon&oacute;ides</a>&nbsp;e compostos sulfurados derivados da&nbsp;<a title=\"Ciste&iacute;na\" href=\"http://pt.wikipedia.org/wiki/Ciste%C3%ADna\">ciste&iacute;na</a>.</p>\r\n<p>As&nbsp;<a title=\"Folha\" href=\"http://pt.wikipedia.org/wiki/Folha\">folhas</a>&nbsp;s&atilde;o basais, simples, largas (lineares, lanceolares ou aciculares, raramente ovadas), caducas, alternas, usualmente d&iacute;sticas ou espiraladas, usualmente s&eacute;sseis (muito raramente&nbsp;<a title=\"Pec&iacute;olo\" href=\"http://pt.wikipedia.org/wiki/Pec%C3%ADolo\">pecioladas</a>, como no caso de&nbsp;<em><a title=\"Allium ursinum\" href=\"http://pt.wikipedia.org/wiki/Allium_ursinum\">Allium ursinum</a></em>), curtamente&nbsp;<a class=\"mw-disambig\" title=\"L&iacute;gula\" href=\"http://pt.wikipedia.org/wiki/L%C3%ADgula\">liguladas</a>&nbsp;(como em&nbsp;<em><a title=\"Allium\" href=\"http://pt.wikipedia.org/wiki/Allium\">Allium</a></em>), mais ou menos basais, cil&iacute;ndricas (circulares em sec&ccedil;&atilde;o transversal) e mais ou menos suculentas, sem&nbsp;<a title=\"Est&iacute;pula\" href=\"http://pt.wikipedia.org/wiki/Est%C3%ADpula\">est&iacute;pulas</a>. Com vena&ccedil;&atilde;o paralela, de margem inteira, embainhadas na base (geralmente com a bainha fechada). As folhas apresentam um odor caracter&iacute;stico (o j&aacute; mencionado \"odor ali&aacute;ceo\"). As plantas apresentam&nbsp;<a title=\"Tricoma\" href=\"http://pt.wikipedia.org/wiki/Tricoma\">tricomas</a>&nbsp;simples.</p>\r\n<p>As&nbsp;<a title=\"Flor\" href=\"http://pt.wikipedia.org/wiki/Flor\">flores</a>&nbsp;est&atilde;o usualmente agrupadas em&nbsp;<a title=\"Infloresc&ecirc;ncia\" href=\"http://pt.wikipedia.org/wiki/Infloresc%C3%AAncia\">infloresc&ecirc;ncias</a>, embora haja g&eacute;neros com flores solit&aacute;rias (<em><a title=\"Ipheion\" href=\"http://pt.wikipedia.org/wiki/Ipheion\">Ipheion</a></em>, por exemplo). A estrutura floral caracter&iacute;stica &eacute; uma infloresc&ecirc;ncia determinada, terminal, instalada no extremo de um longo&nbsp;<a title=\"Escapo\" href=\"http://pt.wikipedia.org/wiki/Escapo\">escapo</a>, composta por uma ou mais&nbsp;<a class=\"mw-redirect\" title=\"Cima\" href=\"http://pt.wikipedia.org/wiki/Cima\">cimas</a>&nbsp;helicoidais contra&iacute;das que parecem uma umbela (por vezes designada por \"pseudoumbela\"), raramente uma espiga, que t&ecirc;m por debaixo uma ou v&aacute;rias&nbsp;<a title=\"Br&aacute;ctea\" href=\"http://pt.wikipedia.org/wiki/Br%C3%A1ctea\">br&aacute;cteas</a>(usualmente duas) membranosas, semelhantes a&nbsp;<a title=\"Espata\" href=\"http://pt.wikipedia.org/wiki/Espata\">espatas</a>, que podem ser fundidas.</p>\r\n<p>As&nbsp;<a title=\"Flor\" href=\"http://pt.wikipedia.org/wiki/Flor\">flores</a>&nbsp;s&atilde;o hermafroditas,&nbsp;<a class=\"mw-redirect\" title=\"Actinomorfia\" href=\"http://pt.wikipedia.org/wiki/Actinomorfia\">actinomorfas</a>&nbsp;a levemente&nbsp;<a class=\"mw-redirect\" title=\"Zigomorfia\" href=\"http://pt.wikipedia.org/wiki/Zigomorfia\">zigomorfas</a>, fragantes ou inodoras, pediceladas (os pedicelos por vezes articulados apicalmente), hip&oacute;ginas, muitas vezes vistosas. As flores individuais n&atilde;o est&atilde;o associadas a&nbsp;<a title=\"Br&aacute;ctea\" href=\"http://pt.wikipedia.org/wiki/Br%C3%A1ctea\">br&aacute;cteas</a>, s&atilde;o completas, entom&oacute;filas, tr&iacute;meras, diclam&iacute;deas (com c&aacute;lice e corola), homoclam&iacute;deas (raramente heteroclam&iacute;deas), vistosas, com&nbsp;<a title=\"T&eacute;pala\" href=\"http://pt.wikipedia.org/wiki/T%C3%A9pala\">t&eacute;palas</a>&nbsp;livres ou soldadas, podendo apresentar uma corona(ou coroa).</p>\r\n<p>Quando as flores s&atilde;o zigomorfas, a irregularidade na simetria radial deve-se &agrave; disposi&ccedil;&atilde;o do&nbsp;<a title=\"Androceu\" href=\"http://pt.wikipedia.org/wiki/Androceu\">androceu</a>. Apresentam&nbsp;<a title=\"Nect&aacute;rio\" href=\"http://pt.wikipedia.org/wiki/Nect%C3%A1rio\">nect&aacute;rios</a>&nbsp;florais nos quais a secre&ccedil;&atilde;o de&nbsp;<a class=\"mw-redirect\" title=\"N&eacute;ctar (bot&acirc;nica)\" href=\"http://pt.wikipedia.org/wiki/N%C3%A9ctar_(bot%C3%A2nica)\">n&eacute;ctar</a>&nbsp;provem do gineceu, mais especificamente dos&nbsp;<a class=\"mw-disambig\" title=\"Septo\" href=\"http://pt.wikipedia.org/wiki/Septo\">septos</a>&nbsp;do ov&aacute;rio.</p>\r\n<p>O&nbsp;<a class=\"mw-redirect\" title=\"Perig&oacute;nio\" href=\"http://pt.wikipedia.org/wiki/Perig%C3%B3nio\">perig&oacute;nio</a>&nbsp;&eacute; bisseriado, composto por seis&nbsp;<a title=\"T&eacute;pala\" href=\"http://pt.wikipedia.org/wiki/T%C3%A9pala\">t&eacute;palas</a>&nbsp;em dois verticilos de tr&ecirc;s pe&ccedil;as, homoclam&iacute;deo (as t&eacute;palas dos dois verticilos s&atilde;o iguais), as&nbsp;<a title=\"T&eacute;pala\" href=\"http://pt.wikipedia.org/wiki/T%C3%A9pala\">t&eacute;palas</a>&nbsp;podem estar separados ou unidos na base. Neste &uacute;ltimo caso, o perig&oacute;nio forma um tubo que pode ser de campaniforme a tubular. As t&eacute;palas s&atilde;o imbricadas, petal&oacute;ides, n&atilde;o pontiagudas, por vezes formando uma coroa que funciona como um prolongamento do perianto. As flores n&atilde;o apresentam&nbsp;<a title=\"Hipanto\" href=\"http://pt.wikipedia.org/wiki/Hipanto\">hipanto</a>.</p>\r\n<p>O&nbsp;<a title=\"Androceu\" href=\"http://pt.wikipedia.org/wiki/Androceu\">androceu</a>&nbsp;&eacute; composto por seis estames, dispostos em dois verticilos de tr&ecirc;s pe&ccedil;as (raramente tr&ecirc;s ou dois com&nbsp;<a title=\"Estamin&oacute;dio\" href=\"http://pt.wikipedia.org/wiki/Estamin%C3%B3dio\">estamin&oacute;dios</a>), diplost&eacute;monos (o verticilo externo &eacute; oposto &agrave;s t&eacute;palas externas e o interno &eacute; oposto &agrave;s t&eacute;palas internas), raramente gamost&eacute;mone), com ou sem estamin&oacute;dio (&agrave;s vezes 3 filetes petal&oacute;ides e 3 filetes filiformes), epip&eacute;talo ou n&atilde;o. Os&nbsp;<a title=\"Filete\" href=\"http://pt.wikipedia.org/wiki/Filete\">filetes</a>&nbsp;podem ser separados ou fundidos, por vezes aderentes (nesse caso designados por \"adnatos\") &agrave;s t&eacute;palas, por vezes com ap&ecirc;ndices. As&nbsp;<a title=\"Antera\" href=\"http://pt.wikipedia.org/wiki/Antera\">anteras</a>&nbsp;s&atilde;o vers&aacute;teis, rimosas, de deisc&ecirc;ncia longitudinal e introrsa. O&nbsp;<a title=\"P&oacute;len\" href=\"http://pt.wikipedia.org/wiki/P%C3%B3len\">p&oacute;len</a>&nbsp;&eacute; monossulcado.</p>\r\n<p>O&nbsp;<a title=\"Ov&aacute;rio (bot&acirc;nica)\" href=\"http://pt.wikipedia.org/wiki/Ov%C3%A1rio_(bot%C3%A2nica)\">ov&aacute;rio</a>&nbsp;&eacute; s&uacute;pero (raramente m&eacute;dio-&iacute;nfero), formado por tr&ecirc;s&nbsp;<a title=\"Carpelo\" href=\"http://pt.wikipedia.org/wiki/Carpelo\">carpelos</a>&nbsp;soldados e trilocular. O&nbsp;<a title=\"Estilete (bot&acirc;nica)\" href=\"http://pt.wikipedia.org/wiki/Estilete_(bot%C3%A2nica)\">estilete</a>&nbsp;&eacute; solit&aacute;rio, terminal ou ginob&aacute;sico. Apresentam um s&oacute;&nbsp;<a class=\"mw-redirect\" title=\"Estigma (bot&acirc;nica)\" href=\"http://pt.wikipedia.org/wiki/Estigma_(bot%C3%A2nica)\">estigma</a>, capitado a trilobado, seco ou h&uacute;mido. O estilete e estigma com tr&ecirc;s cicatrizes, com nect&aacute;rios septais. O&nbsp;<a title=\"Saco embrion&aacute;rio\" href=\"http://pt.wikipedia.org/wiki/Saco_embrion%C3%A1rio\">saco embrion&aacute;rio</a>&nbsp;&eacute; bi-esp&oacute;rico, com obturador presente. Os&nbsp;<a title=\"&Oacute;vulo (bot&acirc;nica)\" href=\"http://pt.wikipedia.org/wiki/%C3%93vulo_(bot%C3%A2nica)\">&oacute;vulos</a>&nbsp;s&atilde;o&nbsp;<a class=\"mw-redirect\" title=\"An&aacute;tropo\" href=\"http://pt.wikipedia.org/wiki/An%C3%A1tropo\">an&aacute;tropos</a>&nbsp;a&nbsp;<a class=\"mw-redirect\" title=\"Campil&oacute;tropo\" href=\"http://pt.wikipedia.org/wiki/Campil%C3%B3tropo\">campil&oacute;tropos</a>, com&nbsp;<a class=\"mw-redirect\" title=\"Placenta&ccedil;&atilde;o\" href=\"http://pt.wikipedia.org/wiki/Placenta%C3%A7%C3%A3o\">placenta&ccedil;&atilde;o</a>&nbsp;axilar, de dois a numerosos por l&oacute;culo.</p>\r\n<p>O&nbsp;<a title=\"Fruto\" href=\"http://pt.wikipedia.org/wiki/Fruto\">fruto</a>&nbsp;&eacute; uma&nbsp;<a class=\"mw-redirect\" title=\"C&aacute;psula loculicida\" href=\"http://pt.wikipedia.org/wiki/C%C3%A1psula_loculicida\">c&aacute;psula loculicida</a>&nbsp;(cada&nbsp;<a title=\"Carpelo\" href=\"http://pt.wikipedia.org/wiki/Carpelo\">carpelo</a>&nbsp;abre separadamente com a matura&ccedil;&atilde;o do fruto). As&nbsp;<a title=\"Semente\" href=\"http://pt.wikipedia.org/wiki/Semente\">sementes</a>&nbsp;s&atilde;o ov&oacute;ides, elips&oacute;ides ou globosas a angulares. O&nbsp;<a title=\"Endosperma\" href=\"http://pt.wikipedia.org/wiki/Endosperma\">endosperma</a>&nbsp;das sementes, do tipo celular ou helobial, &eacute; rico em &oacute;leos e&nbsp;<a title=\"Aleurona\" href=\"http://pt.wikipedia.org/wiki/Aleurona\">aleurona</a>. Os&nbsp;<a title=\"Cotil&eacute;done\" href=\"http://pt.wikipedia.org/wiki/Cotil%C3%A9done\">cotil&eacute;dones</a>&nbsp;n&atilde;o s&atilde;o fotossint&eacute;ticos. O&nbsp;<a title=\"Tegumento\" href=\"http://pt.wikipedia.org/wiki/Tegumento\">tegumento</a>&nbsp;seminal cont&eacute;m&nbsp;<a class=\"new\" title=\"Fitomelanina (p&aacute;gina n&atilde;o existe)\" href=\"http://pt.wikipedia.org/w/index.php?title=Fitomelanina&amp;action=edit&amp;redlink=1\">fitomelaninas</a>&nbsp;(pelo que a semente &eacute; de cor negra) e as camadas interiores s&atilde;o comprimidas ou colapsadas. O&nbsp;<a class=\"mw-redirect\" title=\"Embri&atilde;o (bot&acirc;nica)\" href=\"http://pt.wikipedia.org/wiki/Embri%C3%A3o_(bot%C3%A2nica)\">embri&atilde;o</a>&nbsp;&eacute; mais ou menos curvo.</p>\r\n<p>Os&nbsp;<a class=\"mw-redirect\" title=\"N&uacute;mero cromoss&oacute;mico\" href=\"http://pt.wikipedia.org/wiki/N%C3%BAmero_cromoss%C3%B3mico\">n&uacute;meros cromoss&oacute;micos</a>&nbsp;b&aacute;sicos s&atilde;o&nbsp;<em>x=4, 5, 6, 7, 8 e 9</em>&nbsp;e os&nbsp;<a class=\"mw-redirect\" title=\"Cromossoma\" href=\"http://pt.wikipedia.org/wiki/Cromossoma\">cromossomas</a>&nbsp;podem ser desde relativamente pequenos a grandes (de 2 a 20&nbsp;<a class=\"mw-redirect\" title=\"&Mu;m\" href=\"http://pt.wikipedia.org/wiki/%CE%9Cm\">&micro;m</a>).<span id=\"cite_ref-Rahn_1998a_4-0\" class=\"reference\"><a href=\"http://pt.wikipedia.org/wiki/Allioideae#cite_note-Rahn_1998a-4\">4</a></span>&nbsp;<span id=\"cite_ref-Stevens_2001_5-0\" class=\"reference\"><a href=\"http://pt.wikipedia.org/wiki/Allioideae#cite_note-Stevens_2001-5\">5</a></span>&nbsp;<span id=\"cite_ref-Watson_6-0\" class=\"reference\"><a href=\"http://pt.wikipedia.org/wiki/Allioideae#cite_note-Watson-6\">6</a></span></p>','Allioideae.jpg','2015-02-24','Sim',1,1),(4,'Tépala','<p>Em&nbsp;<a title=\"Bot&acirc;nica\" href=\"http://pt.wikipedia.org/wiki/Bot%C3%A2nica\">bot&acirc;nica</a>,&nbsp;<strong>t&eacute;pala</strong>&nbsp;&eacute; cada uma das pe&ccedil;as&nbsp;<a title=\"Flor\" href=\"http://pt.wikipedia.org/wiki/Flor\">florais</a>&nbsp;que, n&atilde;o sendo&nbsp;<a title=\"P&eacute;tala\" href=\"http://pt.wikipedia.org/wiki/P%C3%A9tala\">p&eacute;tala</a>&nbsp;nem&nbsp;<a title=\"S&eacute;pala\" href=\"http://pt.wikipedia.org/wiki/S%C3%A9pala\">s&eacute;pala</a>, constituem o&nbsp;<a title=\"Perianto\" href=\"http://pt.wikipedia.org/wiki/Perianto\">perianto</a>&nbsp;de numerosas&nbsp;<a class=\"mw-redirect\" title=\"Monocotiled&ocirc;nea\" href=\"http://pt.wikipedia.org/wiki/Monocotiled%C3%B4nea\">monocotiled&ocirc;neas</a>. Tamb&eacute;m pode ser definido como uma unidade ou segmento dos periantos nos quais n&atilde;o est&atilde;o claramente diferenciados a&nbsp;<a title=\"Corola\" href=\"http://pt.wikipedia.org/wiki/Corola\">corola</a>&nbsp;e o&nbsp;<a title=\"C&aacute;lice\" href=\"http://pt.wikipedia.org/wiki/C%C3%A1lice\">c&aacute;lice</a>, como na&nbsp;<a title=\"Tulipa\" href=\"http://pt.wikipedia.org/wiki/Tulipa\">tulipa</a>&nbsp;e na&nbsp;<a title=\"Cebola\" href=\"http://pt.wikipedia.org/wiki/Cebola\">cebola</a>.</p>\r\n<p>Mais especificamente, uma t&eacute;pala &eacute; um componente floral das plantas da&nbsp;<a title=\"Fam&iacute;lia\" href=\"http://pt.wikipedia.org/wiki/Fam%C3%ADlia\">fam&iacute;lia</a>&nbsp;das&nbsp;<a title=\"Magn&oacute;lia\" href=\"http://pt.wikipedia.org/wiki/Magn%C3%B3lia\">magn&oacute;lias</a>&nbsp;(<a title=\"Magnoliaceae\" href=\"http://pt.wikipedia.org/wiki/Magnoliaceae\">Magnoliaceae</a>) e v&aacute;rias outras plantas&nbsp;<a class=\"mw-redirect\" title=\"Faner&oacute;gamas\" href=\"http://pt.wikipedia.org/wiki/Faner%C3%B3gamas\">faner&oacute;gamas</a>&nbsp;primitivas como a fam&iacute;lia das&nbsp;<a title=\"Amborellaceae\" href=\"http://pt.wikipedia.org/wiki/Amborellaceae\">Amborellaceae</a>. Corresponde &agrave;s p&eacute;talas e s&eacute;palas em flores de outras plantas com periantos duplos ou compostos onde todas as s&eacute;palas tem a mesma forma e cor (quase indiferenci&aacute;veis), sem s&eacute;palas que sirvam de prote&ccedil;&atilde;o ao broto em desenvolvimento nem p&eacute;talas maiores que atraiam&nbsp;<a class=\"mw-redirect\" title=\"Inseto\" href=\"http://pt.wikipedia.org/wiki/Inseto\">insetos</a>. As plantas que apresentam t&eacute;palas s&atilde;o classificadas como&nbsp;<a class=\"new\" title=\"Homoclam&iacute;dea (p&aacute;gina n&atilde;o existe)\" href=\"http://pt.wikipedia.org/w/index.php?title=Homoclam%C3%ADdea&amp;action=edit&amp;redlink=1\">homoclam&iacute;deas</a>&nbsp;(s&eacute;palas e p&eacute;talas s&atilde;o semelhantes em n&uacute;mero, cor e forma).</p>\r\n<p>Ex. L&iacute;rio (<em>Hemerocallis fulva</em>)</p>\r\n<p>Pode-se chegar a conclus&atilde;o de que as t&eacute;palas s&atilde;o quando as s&eacute;palas (C&aacute;lice) e p&eacute;talas (Corola) s&atilde;o iguais quanto ao n&uacute;mero, forma, tamanho e cor.</p>','Tépala.jpg','2015-02-24','Sim',1,1),(5,'Chaetognatha','<p>Os&nbsp;<strong>quetognatas</strong>&nbsp;(do grego &ldquo;<a class=\"mw-redirect\" title=\"Maxila\" href=\"http://pt.wikipedia.org/wiki/Maxila\">maxilas</a>&nbsp;com&nbsp;<a class=\"mw-redirect\" title=\"Espinhos\" href=\"http://pt.wikipedia.org/wiki/Espinhos\">espinhos</a>&rdquo;) s&atilde;o pequenos&nbsp;<a title=\"Animalia\" href=\"http://pt.wikipedia.org/wiki/Animalia\">animais</a>&nbsp;<a class=\"mw-disambig\" title=\"Marinho\" href=\"http://pt.wikipedia.org/wiki/Marinho\">marinhos</a>&nbsp;(m&aacute;ximo 15&nbsp;cm de comprimento, essencialmente&nbsp;<a title=\"Pl&acirc;ncton\" href=\"http://pt.wikipedia.org/wiki/Pl%C3%A2ncton\">planct&oacute;nicos</a>&nbsp;de&nbsp;<a class=\"mw-redirect\" title=\"Corpo (anatomia)\" href=\"http://pt.wikipedia.org/wiki/Corpo_(anatomia)\">corpo</a>&nbsp;alongado e n&atilde;o&nbsp;<a class=\"mw-redirect\" title=\"Segmento\" href=\"http://pt.wikipedia.org/wiki/Segmento\">segmentado</a>, com&nbsp;<a title=\"Barbatana\" href=\"http://pt.wikipedia.org/wiki/Barbatana\">barbatanas</a>&nbsp;laterais e&nbsp;<a title=\"Cauda\" href=\"http://pt.wikipedia.org/wiki/Cauda\">caudal</a>&nbsp;que s&atilde;o extens&otilde;es da&nbsp;<a title=\"Ectoderme\" href=\"http://pt.wikipedia.org/wiki/Ectoderme\">ectoderme</a>. A sua caracter&iacute;stica principal &eacute; a exist&ecirc;ncia de dois &ldquo;pentes&rdquo; de espinhos&nbsp;<a title=\"Quitina\" href=\"http://pt.wikipedia.org/wiki/Quitina\">quitinosos</a>&nbsp;e&nbsp;<a class=\"new\" title=\"Retr&aacute;ctil (p&aacute;gina n&atilde;o existe)\" href=\"http://pt.wikipedia.org/w/index.php?title=Retr%C3%A1ctil&amp;action=edit&amp;redlink=1\">retr&aacute;cteis</a>&nbsp;na&nbsp;<a title=\"Cabe&ccedil;a\" href=\"http://pt.wikipedia.org/wiki/Cabe%C3%A7a\">cabe&ccedil;a</a>, que eles usam para capturar as suas&nbsp;<a class=\"mw-disambig\" title=\"Presa\" href=\"http://pt.wikipedia.org/wiki/Presa\">presas</a>&nbsp;(s&atilde;o&nbsp;<a title=\"Carn&iacute;voro\" href=\"http://pt.wikipedia.org/wiki/Carn%C3%ADvoro\">carn&iacute;voros</a>). Conhece-se apenas um pequeno n&uacute;mero de&nbsp;<a title=\"Esp&eacute;cie\" href=\"http://pt.wikipedia.org/wiki/Esp%C3%A9cie\">esp&eacute;cies</a>&nbsp;(pouco mais de 120) agrupadas no&nbsp;<a class=\"mw-redirect\" title=\"Filo (biologia)\" href=\"http://pt.wikipedia.org/wiki/Filo_(biologia)\">filo</a>&nbsp;<strong>Chaetognatha</strong>, em mais de vinte g&ecirc;neros.</p>\r\n<p>S&atilde;o um filo de predadores de vermes marinhos que s&atilde;o os mais numerosos componentes do pl&acirc;ncton.Cerca de 20% das esp&eacute;cies conhecidas s&atilde;o bent&ocirc;nicas e podem se fixar em algas e rochas.Elas s&atilde;o encontradas em todas as &aacute;guas marinhas, desde a superf&iacute;cie das &aacute;guas tropicais at&eacute; as profundezas das &aacute;guas polares.Muitos dos chaetognathas s&atilde;o trnasparentes e t&ecirc;m forma de torpedo.Algumas das esp&eacute;cies que vivem em grande profundidade s&atilde;o laranjas.Eles alcan&ccedil;am um tamanho entre 3&nbsp;mm e 12&nbsp;cm.</p>\r\n<p>Apesar de serem muito abundantes e vorazes&nbsp;<a class=\"mw-redirect\" title=\"Predador\" href=\"http://pt.wikipedia.org/wiki/Predador\">predadores</a>, a sua posi&ccedil;&atilde;o&nbsp;<a title=\"Sistem&aacute;tica\" href=\"http://pt.wikipedia.org/wiki/Sistem%C3%A1tica\">sistem&aacute;tica</a>&nbsp;n&atilde;o &eacute; muito clara. Tradicionalmente, eles foram&nbsp;<a title=\"Classifica&ccedil;&atilde;o cient&iacute;fica\" href=\"http://pt.wikipedia.org/wiki/Classifica%C3%A7%C3%A3o_cient%C3%ADfica\">classificados</a>&nbsp;como&nbsp;<a class=\"mw-redirect\" title=\"Deuterost&oacute;mio\" href=\"http://pt.wikipedia.org/wiki/Deuterost%C3%B3mio\">deuterost&oacute;mios</a>&nbsp;mas, devido ao facto de n&atilde;o possu&iacute;rem aparelhos<a title=\"Sistema respirat&oacute;rio\" href=\"http://pt.wikipedia.org/wiki/Sistema_respirat%C3%B3rio\">respirat&oacute;rio</a>,&nbsp;<a title=\"Sistema circulat&oacute;rio\" href=\"http://pt.wikipedia.org/wiki/Sistema_circulat%C3%B3rio\">circulat&oacute;rio</a>, nem&nbsp;<a title=\"Sistema excretor\" href=\"http://pt.wikipedia.org/wiki/Sistema_excretor\">excretor</a>, torna-se dif&iacute;cil associ&aacute;-los a outros&nbsp;<a title=\"Organismo\" href=\"http://pt.wikipedia.org/wiki/Organismo\">organismos</a>&nbsp;daquele grupo, uma vez que estas caracter&iacute;sticas, associadas &agrave; presen&ccedil;a da cut&iacute;cula e de um&nbsp;<a title=\"Pseudoceloma\" href=\"http://pt.wikipedia.org/wiki/Pseudoceloma\">pseudoceloma</a>, tornam-nos aprentemente pr&oacute;ximos dos&nbsp;<a class=\"mw-redirect\" title=\"Nem&aacute;todo\" href=\"http://pt.wikipedia.org/wiki/Nem%C3%A1todo\">nem&aacute;todos</a>. Alguns autores, no entanto, consideram que os quetognatas t&ecirc;m um verdadeiro&nbsp;<a title=\"Celoma\" href=\"http://pt.wikipedia.org/wiki/Celoma\">celoma</a>.</p>\r\n<p>As &uacute;nicas pe&ccedil;as duras dos quetognatas que&nbsp;<a title=\"F&oacute;ssil\" href=\"http://pt.wikipedia.org/wiki/F%C3%B3ssil\">fossilizam</a>&nbsp;com relativa facilidade s&atilde;o os espinhos bucais, que foram encontrados desde a&nbsp;<a title=\"Era geol&oacute;gica\" href=\"http://pt.wikipedia.org/wiki/Era_geol%C3%B3gica\">era</a>&nbsp;<a class=\"mw-redirect\" title=\"Paleoz&oacute;ica\" href=\"http://pt.wikipedia.org/wiki/Paleoz%C3%B3ica\">Paleoz&oacute;ica</a>, de h&aacute; mais de 300 milh&otilde;es de anos, e pensa-se que estes animais se possam ter originado no&nbsp;<a title=\"Per&iacute;odo geol&oacute;gico\" href=\"http://pt.wikipedia.org/wiki/Per%C3%ADodo_geol%C3%B3gico\">per&iacute;odo</a>&nbsp;<a title=\"Cambriano\" href=\"http://pt.wikipedia.org/wiki/Cambriano\">Cambriano</a>.</p>','Chaetognatha.png','2015-02-24','Sim',2,1),(6,'Deuterostomia','<p><strong>Deuterostomia</strong>&nbsp;(<a title=\"L&iacute;ngua grega\" href=\"http://pt.wikipedia.org/wiki/L%C3%ADngua_grega\">do grego</a>&nbsp;<em>deuteros</em>, posterior +&nbsp;<em>stoma</em>, boca), aportuguesado para&nbsp;<span class=\"no-conversion\"><strong><span lang=\"pt-br\" xml:lang=\"pt-br\">deuterost&ocirc;mios</span></strong>&nbsp;(<a title=\"Portugu&ecirc;s brasileiro\" href=\"http://pt.wikipedia.org/wiki/Portugu%C3%AAs_brasileiro\">portugu&ecirc;s brasileiro</a>)&nbsp;ou&nbsp;<strong><span lang=\"pt-pt\" xml:lang=\"pt-pt\">deuterost&oacute;mios</span></strong>&nbsp;(<a title=\"Portugu&ecirc;s europeu\" href=\"http://pt.wikipedia.org/wiki/Portugu%C3%AAs_europeu\">portugu&ecirc;s europeu</a>)</span>, &eacute; um grupo de animais ligados por diversos aspectos embrion&aacute;rios peculiares, como a forma de&nbsp;<a title=\"Clivagem (embriologia)\" href=\"http://pt.wikipedia.org/wiki/Clivagem_(embriologia)\">clivagem</a>, a forma de suas larvas, o desenvolvimento do&nbsp;<a title=\"Celoma\" href=\"http://pt.wikipedia.org/wiki/Celoma\">celoma</a>&nbsp;e pelas aberturas embrion&aacute;rias que ir&atilde;o originar a boca e &acirc;nus.</p>\r\n<p>Existem quatro filos vivos de deuterost&ocirc;mios:</p>\r\n<ul>\r\n<li>Filo&nbsp;<a class=\"mw-redirect\" title=\"Chordata\" href=\"http://pt.wikipedia.org/wiki/Chordata\">Chordata</a>&nbsp;(vertebrados, anfioxos e tunicados)</li>\r\n<li>Filo&nbsp;<a title=\"Echinodermata\" href=\"http://pt.wikipedia.org/wiki/Echinodermata\">Echinodermata</a>&nbsp;(estrelas-do-mar, ouri&ccedil;os-do-mar, pepinos-do-mar)</li>\r\n<li>Filo&nbsp;<a title=\"Hemichordata\" href=\"http://pt.wikipedia.org/wiki/Hemichordata\">Hemichordata</a>&nbsp;(balanoglossos e pterobr&acirc;nquios)</li>\r\n<li>Filo&nbsp;<a class=\"mw-redirect\" title=\"Xenoturbellida\" href=\"http://pt.wikipedia.org/wiki/Xenoturbellida\">Xenoturbellida</a>&nbsp;(2 esp&eacute;cies vermiformes do mar B&aacute;ltico)</li>\r\n</ul>\r\n<p>O filo&nbsp;<a title=\"Chaetognatha\" href=\"http://pt.wikipedia.org/wiki/Chaetognatha\">Chaetognatha</a>&nbsp;pode pertencer a esse grupo. Grupos extintos podem incluir o filo Vetulicolia. O termo&nbsp;<strong>Ambulacraria</strong>&nbsp;&eacute; &agrave;s vezes usado para unir os filos Echinodermata, Hemichordata, e Xenoturbellida.</p>\r\n<p>Tanto nos deuterost&ocirc;mios quanto nos protost&ocirc;mios, um&nbsp;<a title=\"Zigoto\" href=\"http://pt.wikipedia.org/wiki/Zigoto\">zigoto</a>&nbsp;primeiro se desenvolve em uma bola maci&ccedil;a de c&eacute;lulas, chamada de&nbsp;<a title=\"M&oacute;rula\" href=\"http://pt.wikipedia.org/wiki/M%C3%B3rula\">m&oacute;rula</a>. Nos deuterost&ocirc;mios, as primeiras divis&otilde;es acontecem paralelas ou perpendiculares ao eixo polar. Isso &eacute; chamado de clivagem radial, e tamb&eacute;m pode acontecer em certos protost&ocirc;mios, como o&nbsp;<a class=\"mw-redirect\" title=\"Lophophorata\" href=\"http://pt.wikipedia.org/wiki/Lophophorata\">Lophophorata</a>. Os deuterost&ocirc;mios fazem uma clivagem indeterminada - as c&eacute;lulas s&atilde;o indiferenciadas no in&iacute;cio. Ent&atilde;o, se as primeiras quatro c&eacute;lulas forem separadas, cada c&eacute;lula ser&aacute; capaz de formar uma larva completa, e se uma c&eacute;lula for removida da&nbsp;<a title=\"Bl&aacute;stula\" href=\"http://pt.wikipedia.org/wiki/Bl%C3%A1stula\">bl&aacute;stula</a>, as outras c&eacute;lulas podem compens&aacute;-la.</p>\r\n<p>Nos deuterost&ocirc;mios a&nbsp;<a title=\"Mesoderme\" href=\"http://pt.wikipedia.org/wiki/Mesoderme\">mesoderme</a>&nbsp;forma as invagina&ccedil;&otilde;es que dar&atilde;o origem ao celoma.</p>\r\n<p>Tanto os Hemichordata quanto os Chordata&nbsp;<a title=\"Br&acirc;nquia\" href=\"http://pt.wikipedia.org/wiki/Br%C3%A2nquia\">br&acirc;nquias</a>&nbsp;com aberturas individuais, e os f&oacute;sseis primitivos de equinodermos tamb&eacute;m mostram sinais disso. Um cord&atilde;o nervosos completo pode ser encontrado em todos os Chordata, mesmo nos Tunicata (embora nestes o cord&atilde;o desapare&ccedil;a na idade adulta). Alguns Hemichordata podem ter um cord&atilde;o nervoso tubular. Nos primeiros est&aacute;gios do desenvolvimento embrion&aacute;rios, isso se parece com o cord&atilde;o nervoso dos Chordata. Por causa desse sistema nervoso degenerado dos Echinodermata n&atilde;o &eacute; poss&iacute;vel saber muito sobre seus ancestrais nesse sentido, mas baseando-se em diferentes fatos &eacute; poss&iacute;vel que todos os atuais deuterost&ocirc;mios tenham se desenvolvido de de um ancestral comum que tivesse br&acirc;nquias individuais, um cord&atilde;o nervoso completo e um corpo segmentado. Isso pode ser encontrado em um pequeno grupo de deuterost&ocirc;mios do Cambriano chamado Vetulicolia.</p>\r\n<p>O que distingue este grupo &eacute; o seu desenvolvimento embrion&aacute;rio. A primeira abertura embrion&aacute;ria (<a title=\"Blast&oacute;poro\" href=\"http://pt.wikipedia.org/wiki/Blast%C3%B3poro\">blast&oacute;poro</a>) d&aacute; origem ao&nbsp;<a title=\"&Acirc;nus\" href=\"http://pt.wikipedia.org/wiki/%C3%82nus\">&acirc;nus</a>&nbsp;e a segunda (se tiver) dar&aacute; origem &agrave; boca (da&iacute; a origem do nome), enquanto que nos<a class=\"mw-redirect\" title=\"Protost&ocirc;mios\" href=\"http://pt.wikipedia.org/wiki/Protost%C3%B4mios\">protost&ocirc;mios</a>&nbsp;esta primeira abertura d&aacute; origem &agrave; boca. Nos&nbsp;<strong>deuterost&ocirc;mios</strong>, o&nbsp;<a title=\"Blast&oacute;poro\" href=\"http://pt.wikipedia.org/wiki/Blast%C3%B3poro\">Blast&oacute;poro</a>&nbsp;ir&aacute; originar o &acirc;nus e n&atilde;o a boca, como na maioria dos animais.<span id=\"cite_ref-1\" class=\"reference\"><a href=\"http://pt.wikipedia.org/wiki/Deuterostomia#cite_note-1\">1</a></span>&nbsp;A partir dos&nbsp;<a class=\"mw-redirect\" title=\"Equinodermos\" href=\"http://pt.wikipedia.org/wiki/Equinodermos\">equinodermos</a>, todos os seguintes filos, ser&atilde;o deuterost&ocirc;mios.</p>\r\n<table border=\"0\" cellspacing=\"0\" cellpadding=\"0\">\r\n<tbody>\r\n<tr>\r\n<td align=\"center\" valign=\"bottom\">&nbsp;</td>\r\n<td rowspan=\"2\">\r\n<table border=\"0\" cellspacing=\"0\" cellpadding=\"0\">\r\n<tbody>\r\n<tr>\r\n<td align=\"center\" valign=\"bottom\">&nbsp;</td>\r\n<td rowspan=\"2\">\r\n<p><a title=\"Echinodermata\" href=\"http://pt.wikipedia.org/wiki/Echinodermata\">Echinodermata</a></p>\r\n</td>\r\n</tr>\r\n<tr>\r\n<td valign=\"top\">&nbsp;</td>\r\n</tr>\r\n<tr>\r\n<td align=\"center\" valign=\"bottom\">&nbsp;</td>\r\n<td rowspan=\"2\">\r\n<table border=\"0\" cellspacing=\"0\" cellpadding=\"0\">\r\n<tbody>\r\n<tr>\r\n<td align=\"center\" valign=\"bottom\">&nbsp;</td>\r\n<td rowspan=\"2\">\r\n<p><a title=\"Hemichordata\" href=\"http://pt.wikipedia.org/wiki/Hemichordata\">Hemichordata</a></p>\r\n</td>\r\n</tr>\r\n<tr>\r\n<td valign=\"top\">&nbsp;</td>\r\n</tr>\r\n<tr>\r\n<td align=\"center\" valign=\"bottom\"><a class=\"mw-redirect\" title=\"Chordata\" href=\"http://pt.wikipedia.org/wiki/Chordata\">Chordata</a></td>\r\n<td rowspan=\"2\">\r\n<table border=\"0\" cellspacing=\"0\" cellpadding=\"0\">\r\n<tbody>\r\n<tr>\r\n<td align=\"center\" valign=\"bottom\">&nbsp;</td>\r\n<td rowspan=\"2\">\r\n<p><a title=\"Urochordata\" href=\"http://pt.wikipedia.org/wiki/Urochordata\">Urochordata</a></p>\r\n</td>\r\n</tr>\r\n<tr>\r\n<td valign=\"top\">&nbsp;</td>\r\n</tr>\r\n<tr>\r\n<td align=\"center\" valign=\"bottom\">&nbsp;</td>\r\n<td rowspan=\"2\">\r\n<table border=\"0\" cellspacing=\"0\" cellpadding=\"0\">\r\n<tbody>\r\n<tr>\r\n<td align=\"center\" valign=\"bottom\">&nbsp;</td>\r\n<td rowspan=\"2\">\r\n<p><a title=\"Cephalochordata\" href=\"http://pt.wikipedia.org/wiki/Cephalochordata\">Cephalochordata</a></p>\r\n</td>\r\n</tr>\r\n<tr>\r\n<td valign=\"top\">&nbsp;</td>\r\n</tr>\r\n<tr>\r\n<td align=\"center\" valign=\"bottom\">&nbsp;</td>\r\n<td rowspan=\"2\">\r\n<p><a title=\"Craniata\" href=\"http://pt.wikipedia.org/wiki/Craniata\">Craniata</a></p>\r\n</td>\r\n</tr>\r\n</tbody>\r\n</table>\r\n</td>\r\n</tr>\r\n</tbody>\r\n</table>\r\n</td>\r\n</tr>\r\n</tbody>\r\n</table>\r\n</td>\r\n</tr>\r\n</tbody>\r\n</table>\r\n</td>\r\n</tr>\r\n</tbody>\r\n</table>','Deuterostomia.jpg','2015-02-24','Sim',2,1),(7,'Lofóforo','<p>O&nbsp;<strong>lof&oacute;foro</strong>&nbsp;&eacute; um&nbsp;<a title=\"&Oacute;rg&atilde;o (anatomia)\" href=\"http://pt.wikipedia.org/wiki/%C3%93rg%C3%A3o_(anatomia)\">&oacute;rg&atilde;o</a>&nbsp;da&nbsp;<a title=\"Alimenta&ccedil;&atilde;o\" href=\"http://pt.wikipedia.org/wiki/Alimenta%C3%A7%C3%A3o\">alimenta&ccedil;&atilde;o</a>&nbsp;de tr&ecirc;s grupos de&nbsp;<a title=\"Animalia\" href=\"http://pt.wikipedia.org/wiki/Animalia\">animais</a>, com a forma dum anel de&nbsp;<a title=\"Tent&aacute;culo\" href=\"http://pt.wikipedia.org/wiki/Tent%C3%A1culo\">tent&aacute;culos</a>&nbsp;&agrave; volta da&nbsp;<a title=\"Boca\" href=\"http://pt.wikipedia.org/wiki/Boca\">boca</a>.Os tr&ecirc;s grupos de animais (usualmente considerados filos do Reino Animalia) que possuem esta estrutura s&atilde;o os:</p>\r\n<ul>\r\n<li><strong><a title=\"Brachiopoda\" href=\"http://pt.wikipedia.org/wiki/Brachiopoda\">Brachiopoda</a></strong></li>\r\n<li><strong><a class=\"mw-redirect\" title=\"Bryozoa\" href=\"http://pt.wikipedia.org/wiki/Bryozoa\">Bryozoa</a></strong></li>\r\n<li><strong><a title=\"Phoronida\" href=\"http://pt.wikipedia.org/wiki/Phoronida\">Phoronida</a></strong></li>\r\n</ul>\r\n<p>Por essa raz&atilde;o, estes tr&ecirc;s grupos de animais s&atilde;o por vezes agregados no grupo dos&nbsp;<strong>Lophophorata</strong>, que parece ser&nbsp;<a title=\"Monofil&eacute;tico\" href=\"http://pt.wikipedia.org/wiki/Monofil%C3%A9tico\">monofil&eacute;tico</a>.</p>\r\n<p>O lof&oacute;foro (da palavra grega \"lophos\" que significa a crista de um capacete) &eacute; formado por tent&aacute;culos ocos (s&atilde;o uma extens&atilde;o do&nbsp;<a title=\"Celoma\" href=\"http://pt.wikipedia.org/wiki/Celoma\">celoma</a>), ao contr&aacute;rio dos tent&aacute;culos dos&nbsp;<a class=\"mw-redirect\" title=\"Molusco\" href=\"http://pt.wikipedia.org/wiki/Molusco\">moluscos</a>, por exemplo, que t&ecirc;m uma estrutura&nbsp;<a title=\"M&uacute;sculo\" href=\"http://pt.wikipedia.org/wiki/M%C3%BAsculo\">muscular</a>. Finalmente, os tent&aacute;culos dum lof&oacute;foro est&atilde;o cobertos de&nbsp;<a title=\"C&iacute;lio\" href=\"http://pt.wikipedia.org/wiki/C%C3%ADlio\">c&iacute;lios</a>&nbsp;que provocam uma corrente de &aacute;gua (todos estes animais s&atilde;o&nbsp;<a class=\"mw-disambig\" title=\"Aqu&aacute;tico\" href=\"http://pt.wikipedia.org/wiki/Aqu%C3%A1tico\">aqu&aacute;ticos</a>) que leva as part&iacute;culas&nbsp;<a title=\"Nutri&ccedil;&atilde;o\" href=\"http://pt.wikipedia.org/wiki/Nutri%C3%A7%C3%A3o\">nutritivas</a>&nbsp;para a boca do animal.</p>\r\n<p>Os entoproctos eram incluidos como lofoforados, entretanto s&atilde;o animais prost&ocirc;mios acelomados. Como resultado, a maioria dos zo&oacute;logos hoje acredita que s&atilde;o apenas convergentemente similares aos briozo&aacute;rios.</p>','Lofóforo.jpg','2015-02-24','Sim',2,1);
/*!40000 ALTER TABLE `artigos` ENABLE KEYS */;
UNLOCK TABLES;

--
-- Table structure for table `autores`
--

DROP TABLE IF EXISTS `autores`;
/*!40101 SET @saved_cs_client     = @@character_set_client */;
/*!40101 SET character_set_client = utf8 */;
CREATE TABLE `autores` (
  `id` int(11) NOT NULL AUTO_INCREMENT,
  `login` varchar(20) NOT NULL,
  `nome` varchar(50) NOT NULL,
  `apelido` varchar(50) NOT NULL,
  `email` varchar(50) NOT NULL,
  `senha` varchar(60) NOT NULL,
  `nivel` int(1) NOT NULL COMMENT 'Basico: 1; Intermediário: 2; Avançado: 3.',
  `data` date NOT NULL,
  `status` varchar(8) NOT NULL DEFAULT 'ativo' COMMENT 'valores: ativo ou inativo',
  PRIMARY KEY (`id`),
  UNIQUE KEY `login` (`login`),
  UNIQUE KEY `email` (`email`)
) ENGINE=InnoDB AUTO_INCREMENT=3 DEFAULT CHARSET=utf8;
/*!40101 SET character_set_client = @saved_cs_client */;

--
-- Dumping data for table `autores`
--

LOCK TABLES `autores` WRITE;
/*!40000 ALTER TABLE `autores` DISABLE KEYS */;
INSERT INTO `autores` (`id`, `login`, `nome`, `apelido`, `email`, `senha`, `nivel`, `data`, `status`) VALUES (1,'admin','Administrador','O Cara','admin@yahoo.com.br','$2a$13$60223fe817870320d1314OnPdW8euBwloSzNfP8LkKxYxnUfS5e0e',3,'0000-00-00','ativo'),(2,'rgrsoares','Rogério Soares','Merovingio','mervy@yahoo.com.br','$2a$13$60223fe817870320d1314OReMR8nkUOkYCl32vsHMOC9YHuBgqh2C',3,'0000-00-00','ativo');
/*!40000 ALTER TABLE `autores` ENABLE KEYS */;
UNLOCK TABLES;

--
-- Table structure for table `categorias_artigos`
--

DROP TABLE IF EXISTS `categorias_artigos`;
/*!40101 SET @saved_cs_client     = @@character_set_client */;
/*!40101 SET character_set_client = utf8 */;
CREATE TABLE `categorias_artigos` (
  `id` int(11) NOT NULL AUTO_INCREMENT,
  `categoria` varchar(100) NOT NULL,
  `slug_categoria` varchar(100) NOT NULL,
  `data` date NOT NULL,
  PRIMARY KEY (`id`),
  UNIQUE KEY `categoria` (`categoria`)
) ENGINE=InnoDB AUTO_INCREMENT=4 DEFAULT CHARSET=utf8;
/*!40101 SET character_set_client = @saved_cs_client */;

--
-- Dumping data for table `categorias_artigos`
--

LOCK TABLES `categorias_artigos` WRITE;
/*!40000 ALTER TABLE `categorias_artigos` DISABLE KEYS */;
INSERT INTO `categorias_artigos` (`id`, `categoria`, `slug_categoria`, `data`) VALUES (1,'Plantas','plantas','2015-02-24'),(2,'Animais','animais','2015-03-12'),(3,'Outra Categoria','outra-categoria','2015-03-12');
/*!40000 ALTER TABLE `categorias_artigos` ENABLE KEYS */;
UNLOCK TABLES;

--
-- Table structure for table `categorias_noticias`
--

DROP TABLE IF EXISTS `categorias_noticias`;
/*!40101 SET @saved_cs_client     = @@character_set_client */;
/*!40101 SET character_set_client = utf8 */;
CREATE TABLE `categorias_noticias` (
  `id` int(11) NOT NULL AUTO_INCREMENT,
  `categoria` varchar(100) NOT NULL,
  `slug_categoria` varchar(100) NOT NULL,
  `data` date NOT NULL,
  PRIMARY KEY (`id`),
  UNIQUE KEY `categoria` (`categoria`)
) ENGINE=InnoDB AUTO_INCREMENT=3 DEFAULT CHARSET=utf8;
/*!40101 SET character_set_client = @saved_cs_client */;

--
-- Dumping data for table `categorias_noticias`
--

LOCK TABLES `categorias_noticias` WRITE;
/*!40000 ALTER TABLE `categorias_noticias` DISABLE KEYS */;
INSERT INTO `categorias_noticias` (`id`, `categoria`, `slug_categoria`, `data`) VALUES (1,'Tecnologia','tecnologia','2015-03-05'),(2,'Ciência','ciencia','2015-03-05');
/*!40000 ALTER TABLE `categorias_noticias` ENABLE KEYS */;
UNLOCK TABLES;

--
-- Table structure for table `categorias_videos`
--

DROP TABLE IF EXISTS `categorias_videos`;
/*!40101 SET @saved_cs_client     = @@character_set_client */;
/*!40101 SET character_set_client = utf8 */;
CREATE TABLE `categorias_videos` (
  `id` int(11) NOT NULL AUTO_INCREMENT,
  `categoria` varchar(100) NOT NULL,
  `slug_categoria` varchar(100) NOT NULL,
  `data` date NOT NULL,
  PRIMARY KEY (`id`),
  UNIQUE KEY `categoria` (`categoria`)
) ENGINE=InnoDB AUTO_INCREMENT=3 DEFAULT CHARSET=utf8;
/*!40101 SET character_set_client = @saved_cs_client */;

--
-- Dumping data for table `categorias_videos`
--

LOCK TABLES `categorias_videos` WRITE;
/*!40000 ALTER TABLE `categorias_videos` DISABLE KEYS */;
INSERT INTO `categorias_videos` (`id`, `categoria`, `slug_categoria`, `data`) VALUES (1,'Awesome','awesome','2015-02-24'),(2,'Trailers de filmes','trailers-de-filmes','2015-02-28');
/*!40000 ALTER TABLE `categorias_videos` ENABLE KEYS */;
UNLOCK TABLES;

--
-- Table structure for table `noticias`
--

DROP TABLE IF EXISTS `noticias`;
/*!40101 SET @saved_cs_client     = @@character_set_client */;
/*!40101 SET character_set_client = utf8 */;
CREATE TABLE `noticias` (
  `id` int(11) NOT NULL AUTO_INCREMENT,
  `fonte` varchar(200) NOT NULL,
  `feed` varchar(200) NOT NULL,
  `categorias_id` int(11) NOT NULL,
  `data` date NOT NULL,
  `autor` int(11) NOT NULL,
  `aprovar` char(4) NOT NULL DEFAULT 'Não',
  PRIMARY KEY (`id`),
  KEY `fk_noticias_autores_idx` (`autor`),
  KEY `fk_noticias_categorias_noticias_idx` (`categorias_id`),
  CONSTRAINT `fk_noticias_autores` FOREIGN KEY (`autor`) REFERENCES `autores` (`id`) ON DELETE NO ACTION ON UPDATE NO ACTION,
  CONSTRAINT `fk_noticias_categorias_noticias` FOREIGN KEY (`categorias_id`) REFERENCES `categorias_noticias` (`id`) ON DELETE NO ACTION ON UPDATE NO ACTION
) ENGINE=InnoDB AUTO_INCREMENT=4 DEFAULT CHARSET=utf8;
/*!40101 SET character_set_client = @saved_cs_client */;

--
-- Dumping data for table `noticias`
--

LOCK TABLES `noticias` WRITE;
/*!40000 ALTER TABLE `noticias` DISABLE KEYS */;
INSERT INTO `noticias` (`id`, `fonte`, `feed`, `categorias_id`, `data`, `autor`, `aprovar`) VALUES (1,'Tech Mundo','http://www.baixaki.com.br/rss/tecnologia.xml',1,'2015-03-05',1,'Sim'),(2,'Computerworld','http://rss.computerworld.com.br/c/32184/f/499638/index.rss',1,'2015-03-05',2,'Sim'),(3,'Abril Info','http://feeds.feedburner.com/NoticiasINFO-TI',1,'2015-03-05',1,'Não');
/*!40000 ALTER TABLE `noticias` ENABLE KEYS */;
UNLOCK TABLES;

--
-- Table structure for table `videos`
--

DROP TABLE IF EXISTS `videos`;
/*!40101 SET @saved_cs_client     = @@character_set_client */;
/*!40101 SET character_set_client = utf8 */;
CREATE TABLE `videos` (
  `id` int(11) NOT NULL AUTO_INCREMENT,
  `categorias_id` int(11) NOT NULL,
  `titulo` varchar(200) NOT NULL,
  `thumbnail` varchar(11) NOT NULL,
  `codigo` text NOT NULL,
  `descricao` text NOT NULL,
  `data` varchar(10) NOT NULL,
  `autor` int(11) NOT NULL,
  `aprovar` char(4) DEFAULT 'Não',
  PRIMARY KEY (`id`),
  KEY `fk_videos_categorias_videos` (`categorias_id`),
  KEY `fk_videos_autores` (`autor`),
  CONSTRAINT `fk_autor` FOREIGN KEY (`autor`) REFERENCES `autores` (`id`) ON DELETE NO ACTION ON UPDATE NO ACTION,
  CONSTRAINT `fk_categorias_id` FOREIGN KEY (`categorias_id`) REFERENCES `categorias_videos` (`id`) ON DELETE NO ACTION ON UPDATE NO ACTION
) ENGINE=InnoDB AUTO_INCREMENT=8 DEFAULT CHARSET=utf8;
/*!40101 SET character_set_client = @saved_cs_client */;

--
-- Dumping data for table `videos`
--

LOCK TABLES `videos` WRITE;
/*!40000 ALTER TABLE `videos` DISABLE KEYS */;
INSERT INTO `videos` (`id`, `categorias_id`, `titulo`, `thumbnail`, `codigo`, `descricao`, `data`, `autor`, `aprovar`) VALUES (1,1,'EXTREME Martial Arts Kicks and Tricking','dRaz5_0oUU4','<p><iframe src=\"https://www.youtube.com/embed/dRaz5_0oUU4\" width=\"854\" height=\"510\" frameborder=\"0\" allowfullscreen=\"allowfullscreen\"></iframe></p>','<!DOCTYPE html>\r\n<html>\r\n<head>\r\n</head>\r\n<body>\r\n<p>DO YOU EVEN KICK? - Martial Arts Tricking&nbsp;<br />Tricking and Target Kicking at The University of Sydney (USYD)<br /><br />Invincible Worldwide Apparel available at:<br /><a class=\"yt-uix-redirect-link\" dir=\"ltr\" title=\"http://shop.invincibleworldwide.com\" href=\"http://shop.invincibleworldwide.com/\" target=\"_blank\" rel=\"nofollow\">http://shop.invincibleworldwide.com</a><br /><br />AWAKEN The DREAM<br /><br />Directed and Edited by: Alan La and Deric Au<br />Music: Flight Facilities - Crave You (Adventure Club Dubstep Remix)</p>\r\n</body>\r\n</html>','2015-03-12',1,'Sim'),(2,1,'Top 20 Knockouts in UFC History','LWE79K2Ii-s','<p><iframe src=\"https://www.youtube.com/embed/LWE79K2Ii-s\" width=\"854\" height=\"510\" frameborder=\"0\" allowfullscreen=\"allowfullscreen\"></iframe></p>','','2015-02-24',1,'Sim'),(3,1,'Frank Medrano - Superhuman Bodyweight Workout Domination','RFPsvF3UOdo','<iframe width=\"854\" height=\"510\" src=\"https://www.youtube.com/embed/RFPsvF3UOdo\" frameborder=\"0\" allowfullscreen></iframe>','<p>^^^Available NOW!! WORKOUT PROGRAMS &amp; NUTRITION<br /><a class=\"yt-uix-redirect-link\" dir=\"ltr\" title=\"https://www.facebook.com/frankmedrano99\" href=\"https://www.facebook.com/frankmedrano99\" target=\"_blank\" rel=\"nofollow\">https://www.facebook.com/frankmedrano99</a><br />^^^LIKE My Facebook for more INFO and MOTIVATION<br /><br />Frank Medrano is a CALISTHENICS BODYWEIGHT expert who MOTIVATES and trains to build and gain muscle , lose fat and challenge your body to obtain strength through simple and more advanced body weight exercises. His goal is to motivate and inspire you through fun , functional workouts.<br /><br />Frank Medrano Trains at the world famous METROFLEX in Long Beach , Ca&nbsp;</p>','2015-02-24',1,'Sim'),(4,2,'O Destino de Júpiter (Jupiter Ascending, 2015) ','N9D6Wq8-knk','<iframe width=\"854\" height=\"510\" src=\"https://www.youtube.com/embed/N9D6Wq8-knk\" frameborder=\"0\" allowfullscreen></iframe>','<p>Jupiter Jones (Mila Kunis) &eacute; a descendente de uma linhagem que a coloca como a pr&oacute;xima ocupante do posto de Rainha do Universo. Sem saber disto, ela segue sua vida pacata trabalhando como empregada dom&eacute;stica nos Estados Unidos, pa&iacute;s onde vive ap&oacute;s deixar a R&uacute;ssia. Um dia, ela recebe a visita de Caine (Channing Tatum), um ex-militar alterado geneticamente que tem por miss&atilde;o proteg&ecirc;-la a todo custo e lev&aacute;-la para assumir seu lugar de direito.</p>','2015-02-28',1,'Sim'),(5,2,'Os Vingadores 2: A Era de Ultron (2015)','OJu1U66EcFE','<iframe width=\"854\" height=\"510\" src=\"https://www.youtube.com/embed/-taJ31lUEr8\" frameborder=\"0\" allowfullscreen></iframe>','<p>Os Vingadores deve se reunir para derrotar James Spader como Ultron, um terr&iacute;vel vil&atilde;o tecnol&oacute;gico determinado em extinguir a humanidade. No caminho, eles encontram dois misteriosos e poderosos novatos, Wanda Maximoff, interpretada por Elizabeth Olsen, e Pietro Maximoff, interpretado por Aaron Taylor-Johnson, e reencontram um velho amigo em uma nova forma quando Paul Bettany se torna o Vis&atilde;o.</p>','2015-02-28',1,'Sim'),(6,2,'O Exterminador do Futuro: Gênesis (Terminator: Genisys, 2015)','yc1npZgMAGo','<iframe width=\"854\" height=\"510\" src=\"https://www.youtube.com/embed/yc1npZgMAGo\" frameborder=\"0\" allowfullscreen></iframe>','<p>Terminator - Genisys vai se passar no ano 2029, quando urge uma violenta guerra entre humanos que se rebelaram contra a domina&ccedil;&atilde;o tecnol&oacute;gica e o maligno sistema de intelig&ecirc;ncia artificial Skynet. John Connor (Jason Clarke) &eacute; o l&iacute;der da resist&ecirc;ncia e Kyle Reese (Jai Courtney) &eacute; um dos combatentes mais importantes do seu grupo, que atua nas ru&iacute;nas de uma Calif&oacute;rnia desolada. Reese ser&aacute; enviado ao ano de 1984 para salvar Sarah Connor (Emilia Clarke), m&atilde;e de John, de um exterminador programado para mat&aacute;-la. O longa conta com o retorno de Arnold Schwarzenegger ao papel do Exterminador T-800.</p>','2015-02-28',1,'Sim'),(7,2,'Ex Machina (2015)','HtBuBJxDlU8','<iframe width=\"854\" height=\"510\" src=\"https://www.youtube.com/embed/HtBuBJxDlU8\" frameborder=\"0\" allowfullscreen></iframe>','<p>Na trama, um bilion&aacute;rio programador de computadores (Oscar Isaac), seleciona a dedo um jovem funcion&aacute;rio (Domhnall Gleeson) para passar uma semana em seu isolado retiro de f&eacute;rias - e l&aacute; participar de um teste envolvendo sua mais nova cria&ccedil;&atilde;o, uma mulher rob&ocirc; artificialmente inteligente (Alicia Vikander).</p>','2015-02-28',1,'Sim');
/*!40000 ALTER TABLE `videos` ENABLE KEYS */;
UNLOCK TABLES;
/*!40103 SET TIME_ZONE=@OLD_TIME_ZONE */;

/*!40101 SET SQL_MODE=@OLD_SQL_MODE */;
/*!40014 SET FOREIGN_KEY_CHECKS=@OLD_FOREIGN_KEY_CHECKS */;
/*!40014 SET UNIQUE_CHECKS=@OLD_UNIQUE_CHECKS */;
/*!40101 SET CHARACTER_SET_CLIENT=@OLD_CHARACTER_SET_CLIENT */;
/*!40101 SET CHARACTER_SET_RESULTS=@OLD_CHARACTER_SET_RESULTS */;
/*!40101 SET COLLATION_CONNECTION=@OLD_COLLATION_CONNECTION */;
/*!40111 SET SQL_NOTES=@OLD_SQL_NOTES */;

-- Dump completed on 2015-03-28 12:00:46
